IDCONTACT,IDCUSTOMER,NAME,PREFERENCE,EMAIL,PHONE
1,1,James,paper,James@General.com,(878) 555-0211
2,2,Robert,email,Robert@Exxon.com,(531) 555-0422
3,3,John,SMS,,(417) 555-0633
4,4,Michael,paper,Michael@General.com,(650) 555-0844
5,5,David,email,David@Esmark.com,(302) 555-1055
6,6,William,SMS,William@Chrysler.com,(660) 555-1266
7,7,Richard,paper,Richard@Armour.com,(401) 555-1477
8,8,Thomas,email,Thomas@Gulf.com,(952) 555-1688
9,9,Charles,SMS,Charles@Mobil.com,(539) 555-1899
10,10,Gary,paper,Gary@DuPont.com,(308) 555-2010
11,11,Larry,email,Larry@Amoco.com,(401) 555-2211
12,12,Ronald,SMS,Ronald@Bethlehem.com,(918) 555-2412
13,13,Joseph,paper,Joseph@CBS.com,(636) 555-2613
14,14,Donald,email,Donald@Texaco.com,(534) 555-2814
15,15,Kenneth,SMS,Kenneth@ATT.com,(808) 555-3015
16,16,Steven,paper,Steven@Shell.com,(417) 555-3216
17,17,Dennis,email,Dennis@Kraft.com,(636) 555-3417
18,18,Paul,SMS,Paul@Chevron.com,(952) 555-3618
19,19,Stephen,paper,Stephen@Goodyear.com,(763) 555-3819
20,20,George,email,George@Boeing.com,(608) 555-4020
21,1,Daniel,SMS,,(878) 555-2221
22,2,Edward,paper,Edward@Exxon.com,(531) 555-2422
23,3,Mark,email,Mark@USSteal.com,(417) 555-2623
24,4,Jerry,SMS,Jerry@General.com,(650) 555-2824
25,5,Gregory,paper,Gregory@Esmark.com,(302) 555-3025
26,6,Bruce,email,Bruce@Chrysler.com,(660) 555-3226
27,7,Roger,SMS,Roger@Armour.com,(401) 555-3427
28,8,Douglas,paper,Douglas@Gulf.com,(952) 555-3628
29,9,Frank,email,Frank@Mobil.com,(539) 555-3829
30,10,Terry,SMS,Terry@DuPont.com,(308) 555-4030
31,11,Raymond,paper,Raymond@Amoco.com,(401) 555-4231
32,12,Timothy,email,Timothy@Bethlehem.com,(918) 555-4432
33,13,Lawrence,SMS,Lawrence@CBS.com,(636) 555-4633
34,14,Gerald,paper,Gerald@Texaco.com,(534) 555-4834
35,15,Wayne,email,Wayne@ATT.com,(808) 555-5035
36,16,Anthony,SMS,Anthony@Shell.com,(417) 555-5236
37,17,Peter,paper,Peter@Kraft.com,(636) 555-5437
38,18,Patrick,email,Patrick@Chevron.com,(952) 555-5638
39,19,Danny,SMS,Danny@Goodyear.com,(763) 555-5839
40,20,Walter,paper,Walter@Boeing.com,(608) 555-6040
41,1,Alan,email,Alan@General.com,(878) 555-4241
42,2,Willie,SMS,,(531) 555-4442
43,3,Jeffrey,paper,Jeffrey@USSteal.com,(417) 555-4643
44,4,Carl,email,Carl@General.com,(650) 555-4844
45,5,Harold,SMS,Harold@Esmark.com,(302) 555-5045
46,6,Arthur,paper,Arthur@Chrysler.com,(660) 555-5246
47,7,Henry,email,Henry@Armour.com,(401) 555-5447
48,8,Jack,SMS,Jack@Gulf.com,(952) 555-5648
49,9,Dale,paper,Dale@Mobil.com,(539) 555-5849
50,10,Johnny,email,Johnny@DuPont.com,(308) 555-6050
51,11,Roy,SMS,Roy@Amoco.com,(401) 555-6251
52,12,Ralph,paper,Ralph@Bethlehem.com,(918) 555-6452
53,13,Phillipe,email,Phillip@CBS.com,(636) 555-6653
54,14,Joe,SMS,Joe@Texaco.com,(534) 555-6854
55,15,Albert,paper,Albert@ATT.com,(808) 555-7055
56,16,Jimmy,email,Jimmy@Shell.com,(417) 555-7256
57,17,Billy,SMS,Billy@Kraft.com,(636) 555-7457
58,18,Eugene,paper,Eugene@Chevron.com,(952) 555-7658
59,19,Glenn,email,Glenn@Goodyear.com,(763) 555-7859
60,20,Stanley,SMS,Stanley@Boeing.com,(608) 555-8060
61,1,Harry,paper,Harry@General.com,(878) 555-6261
62,2,Samuel,email,Samuel@Exxon.com,(531) 555-6462
63,3,Howard,SMS,Howard@USSteal.com,(417) 555-6663
64,4,Phillip,paper,Phillip@General.com,(650) 555-6864
65,5,Bobby,email,Bobby@Esmark.com,(302) 555-7065
66,6,Christopher,SMS,Christopher@Chrysler.com,(660) 555-7266
67,7,Louis,paper,Louis@Armour.com,(401) 555-7467
68,8,Andrew,email,Andrew@Gulf.com,(952) 555-7668
69,9,Russell,SMS,Russell@Mobil.com,(539) 555-7869
70,10,Craig,paper,Craig@DuPont.com,(308) 555-8070
71,11,Randall,email,Randall@Amoco.com,(401) 555-8271
72,12,Allen,SMS,Allen@Bethlehem.com,(918) 555-8472
73,13,Kevin,paper,Kevin@CBS.com,(636) 555-8673
74,14,Barry,email,Barry@Texaco.com,(534) 555-8874
75,15,Frederick,SMS,Frederick@ATT.com,(808) 555-9075
76,16,Ronnie,paper,Ronnie@Shell.com,(417) 555-9276
77,17,Leonard,email,Leonard@Kraft.com,(636) 555-9477
78,18,Keith,SMS,Keith@Chevron.com,(952) 555-9678
79,19,Brian,paper,Brian@Goodyear.com,(763) 555-9879
80,20,Randy,email,Randy@Boeing.com,(608) 555-0080
81,1,Ernest,SMS,Ernest@General.com,(878) 555-8281
82,2,Scott,paper,Scott@Exxon.com,(531) 555-8482
83,3,Fred,email,Fred@USSteal.com,(417) 555-8683
84,4,Steve,SMS,Steve@General.com,(650) 555-8884
85,5,Martin,paper,Martin@Esmark.com,(302) 555-9085
86,6,Francis,email,Francis@Chrysler.com,(660) 555-9286
87,7,Melvin,SMS,Melvin@Armour.com,(401) 555-9487
88,8,Rodney,paper,Rodney@Gulf.com,(952) 555-9688
89,9,Eddie,email,Eddie@Mobil.com,(539) 555-9889
90,10,Norman,SMS,Norman@DuPont.com,(308) 555-0090
91,11,Lee,paper,Lee@Amoco.com,(401) 555-0291
92,12,Earl,email,Earl@Bethlehem.com,(918) 555-0492
93,13,Marvin,SMS,Marvin@CBS.com,(636) 555-0693
94,14,Tommy,paper,Tommy@Texaco.com,(534) 555-0894
95,15,Clarence,email,Clarence@ATT.com,(808) 555-1095
96,16,Alfred,SMS,Alfred@Shell.com,(417) 555-1296
97,17,Curtis,paper,Curtis@Kraft.com,(636) 555-1497
98,18,Eric,email,Eric@Chevron.com,(952) 555-1698
99,19,Theodore,SMS,Theodore@Goodyear.com,(763) 555-1899
100,20,Clifford,paper,Clifford@Boeing.com,(608) 555-2010
101,1,Linda,email,Linda@General.com,(878) 555-0211
102,2,Mary,SMS,Mary@Exxon.com,(531) 555-0412
103,3,Patricia,paper,Patricia@USSteal.com,(417) 555-0613
104,4,Barbara,email,Barbara@General.com,(650) 555-0814
105,5,Susan,SMS,Susan@Esmark.com,(302) 555-1015
106,6,Nancy,paper,Nancy@Chrysler.com,(660) 555-1216
107,7,Deborah,email,Deborah@Armour.com,(401) 555-1417
108,8,Sandra,SMS,Sandra@Gulf.com,(952) 555-1618
109,9,Carol,paper,Carol@Mobil.com,(539) 555-1819
110,10,Kathleen,email,Kathleen@DuPont.com,(308) 555-2010
111,11,Sharon,SMS,Sharon@Amoco.com,(401) 555-2211
112,12,Karen,paper,Karen@Bethlehem.com,(918) 555-2412
113,13,Donna,email,Donna@CBS.com,(636) 555-2613
114,14,Brenda,SMS,Brenda@Texaco.com,(534) 555-2814
115,15,Margaret,paper,Margaret@ATT.com,(808) 555-3015
116,16,Diane,email,Diane@Shell.com,(417) 555-3216
117,17,Pamela,SMS,Pamela@Kraft.com,(636) 555-3417
118,18,Janet,paper,Janet@Chevron.com,(952) 555-3618
119,19,Shirley,email,Shirley@Goodyear.com,(763) 555-3819
120,20,Carolyn,SMS,Carolyn@Boeing.com,(608) 555-4010
121,1,Judith,paper,Judith@General.com,(878) 555-2211
122,2,Janice,email,Janice@Exxon.com,(531) 555-2412
123,3,Cynthia,SMS,Cynthia@USSteal.com,(417) 555-2613
124,4,Elizabeth,paper,Elizabeth@General.com,(650) 555-2814
125,5,Judy,email,Judy@Esmark.com,(302) 555-3015
126,6,Betty,SMS,Betty@Chrysler.com,(660) 555-3216
127,7,Joyce,paper,Joyce@Armour.com,(401) 555-3417
128,8,Christine,email,Christine@Gulf.com,(952) 555-3618
129,9,Cheryl,SMS,Cheryl@Mobil.com,(539) 555-3819
130,10,Gloria,paper,Gloria@DuPont.com,(308) 555-4010
131,11,Beverly,email,Beverly@Amoco.com,(401) 555-4211
132,12,Martha,SMS,Martha@Bethlehem.com,(918) 555-4412
133,13,Bonnie,paper,Bonnie@CBS.com,(636) 555-4613
134,14,Catherine,email,Catherine@Texaco.com,(534) 555-4814
135,15,Dorothy,SMS,Dorothy@ATT.com,(808) 555-5015
136,16,Rebecca,paper,Rebecca@Shell.com,(417) 555-5216
137,17,Marilyn,email,Marilyn@Kraft.com,(636) 555-5417
138,18,Kathy,SMS,Kathy@Chevron.com,(952) 555-5618
139,19,Jane,paper,Jane@Goodyear.com,(763) 555-5819
140,20,Joan,email,Joan@Boeing.com,(608) 555-6010
141,1,Peggy,SMS,Peggy@General.com,(878) 555-4211
142,2,Gail,paper,Gail@Exxon.com,(531) 555-4412
143,3,Virginia,email,Virginia@USSteal.com,(417) 555-4613
144,4,Connie,SMS,Connie@General.com,(650) 555-4814
145,5,Ann,paper,Ann@Esmark.com,(302) 555-5015
146,6,Kathryn,email,Kathryn@Chrysler.com,(660) 555-5216
147,7,Diana,SMS,Diana@Armour.com,(401) 555-5417
148,8,Jean,paper,Jean@Gulf.com,(952) 555-5618
149,9,Ruth,email,Ruth@Mobil.com,(539) 555-5819
150,10,Helen,SMS,Helen@DuPont.com,(308) 555-6010
151,11,Frances,paper,Frances@Amoco.com,(401) 555-6211
152,12,Wanda,email,Wanda@Bethlehem.com,(918) 555-6412
153,13,Phyllis,SMS,Phyllis@CBS.com,(636) 555-6613
154,14,Paula,paper,Paula@Texaco.com,(534) 555-6814
155,15,Jacqueline,email,Jacqueline@ATT.com,(808) 555-7015
156,16,Rita,SMS,Rita@Shell.com,(417) 555-7216
157,17,Alice,paper,Alice@Kraft.com,(636) 555-7417
158,18,Katherine,email,Katherine@Chevron.com,(952) 555-7618
159,19,Debra,SMS,Debra@Goodyear.com,(763) 555-7819
160,20,Elaine,paper,Elaine@Boeing.com,(608) 555-8010
161,1,Vicki,email,Vicki@General.com,(878) 555-6211
162,2,Sherry,SMS,Sherry@Exxon.com,(531) 555-6412
163,3,Laura,paper,Laura@USSteal.com,(417) 555-6613
164,4,Jo,email,Jo@General.com,(650) 555-6814
165,5,Theresa,SMS,Theresa@Esmark.com,(302) 555-7015
166,6,Ellen,paper,Ellen@Chrysler.com,(660) 555-7216
167,7,Joanne,email,Joanne@Armour.com,(401) 555-7417
168,8,Marsha,SMS,Marsha@Gulf.com,(952) 555-7618
169,9,Rose,paper,Rose@Mobil.com,(539) 555-7819
170,10,Sheila,email,Sheila@DuPont.com,(308) 555-8010
171,11,Suzanne,SMS,Suzanne@Amoco.com,(401) 555-8211
172,12,Marie,paper,Marie@Bethlehem.com,(918) 555-8412
173,13,Maria,email,Maria@CBS.com,(636) 555-8613
174,14,Doris,SMS,Doris@Texaco.com,(534) 555-8814
175,15,Cathy,paper,Cathy@ATT.com,(808) 555-9015
176,16,Lynn,email,Lynn@Shell.com,(417) 555-9216
177,17,Marcia,SMS,Marcia@Kraft.com,(636) 555-9417
178,18,Sally,paper,Sally@Chevron.com,(952) 555-9618
179,19,Darlene,email,Darlene@Goodyear.com,(763) 555-9819
180,20,Charlotte,SMS,Charlotte@Boeing.com,(608) 555-0010
181,1,Teresa,paper,Teresa@General.com,(878) 555-8211
182,2,Denise,email,Denise@Exxon.com,(531) 555-8412
183,3,Lois,SMS,Lois@USSteal.com,(417) 555-8613
184,4,Anne,paper,Anne@General.com,(650) 555-8814
185,5,Constance,email,Constance@Esmark.com,(302) 555-9015
186,6,Evelyn,SMS,Evelyn@Chrysler.com,(660) 555-9216
187,7,Glenda,paper,Glenda@Armour.com,(401) 555-9417
188,8,Sarah,email,Sarah@Gulf.com,(952) 555-9618
189,9,Maureen,SMS,Maureen@Mobil.com,(539) 555-9819
190,10,Dianne,paper,Dianne@DuPont.com,(308) 555-0010
191,11,Eileen,email,Eileen@Amoco.com,(401) 555-0211
192,12,Irene,SMS,Irene@Bethlehem.com,(918) 555-0412
193,13,Anna,paper,Anna@CBS.com,(636) 555-0613
194,14,Victoria,email,Victoria@Texaco.com,(534) 555-0814
195,15,Jeanne,SMS,Jeanne@ATT.com,(808) 555-1015
196,16,Roberta,paper,Roberta@Shell.com,(417) 555-1216
197,17,Sylvia,email,Sylvia@Kraft.com,(636) 555-1417
198,18,Joann,SMS,Joann@Chevron.com,(952) 555-1618
199,19,Anita,paper,Anita@Goodyear.com,(763) 555-1819
200,20,Sue,email,Sue@Boeing.com,(608) 555-2020
